id,geometry
1,"POLYGON ((108.22190491198535 16.06079525785969, 108.22241836143829 16.060783332180925, 108.22240100653363 16.060524323409307, 108.22202702518274 16.06050895759929, 108.221921261426 16.060627920599035, 108.22190491198535 16.06079525785969))"
2,"POLYGON ((108.22208545644423 16.060435971812577, 108.22217913627654 16.06051806669647, 108.22220005638654 16.060513972959473, 108.22220553262952 16.060469437170156, 108.22211885162542 16.060396771292485, 108.22208545644423 16.060435971812577))"
3,"POLYGON ((108.22234648121741 16.06047857076166, 108.22240093013954 16.060491942695403, 108.22242876312681 16.06046084961852, 108.22237983815808 16.060423179845092, 108.22234648121741 16.06047857076166))"
4,"POLYGON ((108.222433050922 16.060504014669373, 108.22247356267131 16.06052416334679, 108.22252099367073 16.060520011088087, 108.22253766097808 16.06048759343014, 108.22245664385714 16.060449994484276, 108.222433050922 16.060504014669373))"
5,"POLYGON ((108.22245857128219 16.060379831653467, 108.22250396181593 16.060397945757448, 108.22253242556602 16.060338518003785, 108.22251495395689 16.060325739121044, 108.22247164207619 16.060301549017485, 108.22247723604553 16.060306933489883, 108.22245569630277 16.060344084104806, 108.2224710765379 16.06035754220811, 108.22245857128219 16.060379831653467))"
6,"POLYGON ((108.2227623361569 16.06049991499523, 108.22272673337915 16.060786024700626, 108.22289417082963 16.06078565502801, 108.22292157358322 16.06057242038956, 108.2227623361569 16.06049991499523))"
7,"POLYGON ((108.22284511488128 16.060101717241004, 108.22316695582933 16.05989997510344, 108.22302973140462 16.05969519932106, 108.22271207018322 16.059894233618905, 108.22284511488128 16.060101717241004))"
8,"POLYGON ((108.22301117875922 16.060110794947338, 108.22316722044432 16.060011958398952, 108.22313496580794 16.059943220287515, 108.22296636958379 16.06004343374209, 108.22301117875922 16.060110794947338))"
9,"POLYGON ((108.22283885186435 16.05981300153513, 108.2229047922282 16.05976878196027, 108.22289167379469 16.059728334823834, 108.22295576433541 16.059688616663262, 108.22291188123098 16.059619454458158, 108.22272516955479 16.05972960188191, 108.22277462322371 16.05979425448353, 108.22281269785117 16.059767186359913, 108.22283885186435 16.05981300153513))"
10,"POLYGON ((108.22262027525933 16.05982247869535, 108.22266035893954 16.059858368993456, 108.22273922240537 16.059771845904756, 108.22269824249855 16.059750349102945, 108.22262027525933 16.05982247869535))"
11,"POLYGON ((108.22258330486704 16.059923300805792, 108.2226501351904 16.05986198943305, 108.222612844245 16.059826992439064, 108.2225460075534 16.05988560540743, 108.22258330486704 16.059923300805792))"
12,"POLYGON ((108.22258032979106 16.05964806985804, 108.2226539686738 16.05971266912073, 108.22267716005554 16.059685633867193, 108.2225932974375 16.059624655048918, 108.22258032979106 16.05964806985804))"
13,"POLYGON ((108.22260720589786 16.059605735507937, 108.22266223222266 16.05966677796449, 108.22268639201884 16.05965593101462, 108.22266117463344 16.059612812158644, 108.22265280068672 16.059611931170664, 108.22263878183435 16.059584078569895, 108.22260720589786 16.059605735507937))"
14,"POLYGON ((108.22250674826067 16.059607756105457, 108.22256545928227 16.05965349948501, 108.22259143066374 16.059621960761223, 108.22253644682341 16.059578907572046, 108.22250674826067 16.059607756105457))"
15,"POLYGON ((108.22239738115012 16.059776198077554, 108.22242906324058 16.059799514386032, 108.22249493365591 16.059725612612233, 108.22252096024239 16.05971745996915, 108.22253299557458 16.05969314775155, 108.22255618272558 16.05966431358203, 108.2225170505306 16.05963741585326, 108.22249108125752 16.05966985403265, 108.22239738115012 16.059776198077554))"
16,"POLYGON ((108.22232667295977 16.059770957217932, 108.22236580940039 16.05979965390984, 108.2224530150918 16.059700519957353, 108.22240643915738 16.059672739160156, 108.22240272471147 16.05967544576053, 108.22240646462099 16.059683532732276, 108.22232667295977 16.059770957217932))"
17,"POLYGON ((108.22243197834467 16.060246544044794, 108.22254008172305 16.060330855624432, 108.22259388506708 16.060267774073612, 108.22255099796163 16.060226493138252, 108.2225751111293 16.060195857985438, 108.22254713279804 16.060165337777242, 108.22249491820513 16.060113283782783, 108.22239468099683 16.060208848622054, 108.22243197834467 16.060246544044794))"
18,"POLYGON ((108.22142114280699 16.060770463611117, 108.22142675370412 16.06078304382615, 108.22150119154273 16.06079187463876, 108.22150836209458 16.06067672681465, 108.2214339327696 16.060671493860827, 108.22142114280699 16.060770463611117))"
19,"POLYGON ((108.22133000357819 16.060779658910292, 108.22138956655029 16.060792120375808, 108.22141901979883 16.06065893412276, 108.22135206602093 16.060668076189064, 108.22133000357819 16.060779658910292))"
20,"POLYGON ((108.22139663975835 16.060635597191617, 108.221491482804 16.060619197958818, 108.2214782989373 16.06055086733673, 108.2213834601576 16.060569065491777, 108.22139663975835 16.060635597191617))"
21,"POLYGON ((108.22195966945682 16.06054485994254, 108.22207109178733 16.06045871506967, 108.2220100392152 16.06040623070436, 108.22197616724662 16.060440485179264, 108.2219510506093 16.060440090797517, 108.22189813906391 16.06048697978461, 108.22195966945682 16.06054485994254))"
22,"POLYGON ((108.22168849395518 16.06073434588852, 108.22186153383193 16.060742959374444, 108.22185159163135 16.060471341640323, 108.22183112708335 16.060471386729077, 108.22169368956293 16.060570631082793, 108.22168849395518 16.06073434588852))"
23,"POLYGON ((108.22220317794684 16.06045707466365, 108.22223098444479 16.06041473830784, 108.22216576606735 16.060370808128702, 108.22213887492153 16.06040684617541, 108.22220317794684 16.06045707466365))"
24,"POLYGON ((108.22188784849612 16.060462267062018, 108.22199742630279 16.06038287230912, 108.22193964327403 16.06033622726496, 108.22190621520957 16.060361486060568, 108.22187639773853 16.060339964506166, 108.22182443760178 16.06039584606921, 108.22188784849612 16.060462267062018))"
25,"POLYGON ((108.22207564421323 16.060416879726205, 108.22214249818661 16.06036546261363, 108.22210147156217 16.06032417748514, 108.22203462395254 16.060378292978008, 108.22207564421323 16.060416879726205))"
26,"POLYGON ((108.22212091469517 16.06028545745555, 108.2221692132845 16.0602547690277, 108.22211606431632 16.06020091806151, 108.22207704870198 16.060223490793703, 108.22212091469517 16.06028545745555))"
27,"POLYGON ((108.22160114993481 16.06038014745123, 108.22164209596252 16.060387253031312, 108.2216660397924 16.060284660826156, 108.22161952526099 16.060282964327513, 108.22160114993481 16.06038014745123))"
28,"POLYGON ((108.2215632593141 16.06048546876726, 108.22161535301493 16.060486253521482, 108.22161713927999 16.06045476817117, 108.22160408249093 16.0604404054198, 108.22160395538305 16.060386437556637, 108.2215676752164 16.060385617978604, 108.2215632593141 16.06048546876726))"
29,"POLYGON ((108.22166236134306 16.06030265830871, 108.22177408354219 16.060343787797898, 108.22180091964417 16.060284363721603, 108.22178045511514 16.060284408805014, 108.22177577865519 16.060273625478473, 108.2217273634535 16.060254843278276, 108.22174027826217 16.06020894190879, 108.22172903951204 16.060176585778716, 108.22168994546044 16.06016587825891, 108.22166226176378 16.0602603834824, 108.22167621273158 16.060259453287287, 108.22166236134306 16.06030265830871))"
30,"POLYGON ((108.2216420451154 16.06036566588608, 108.22166630039662 16.06039529494542, 108.22165515910676 16.060404314173574, 108.22167010809143 16.060432164789997, 108.22167014199167 16.060446556220022, 108.22173426903478 16.06042212930926, 108.22172118469284 16.060396073528352, 108.22172859032064 16.060380766242226, 108.22167826383348 16.060340400984536, 108.2216420451154 16.06036566588608))"
31,"POLYGON ((108.22190421065062 16.060300326583977, 108.22194138496812 16.0602858531615, 108.22187047100023 16.060193364112518, 108.22186312685841 16.060234755870034, 108.22185197710819 16.06024017725059, 108.22190421065062 16.060300326583977))"
32,"POLYGON ((108.22193762386576 16.060268771538336, 108.22197477061346 16.060242605073665, 108.22194774377004 16.060221077378543, 108.22194398054856 16.060203096291012, 108.22191974221006 16.060180662977988, 108.2219123111662 16.060185176698027, 108.22189274929652 16.060173526705338, 108.22187416850585 16.060183461806115, 108.22193762386576 16.060268771538336))"
33,"POLYGON ((108.22230710224879 16.060347110275696, 108.2223303001146 16.060322773450963, 108.2222399131582 16.060256412077354, 108.22221487184652 16.06028794870924, 108.22230710224879 16.060347110275696))"
34,"POLYGON ((108.22224825743194 16.060244700580345, 108.22228447604915 16.060219435578624, 108.22223693374725 16.06017636590641, 108.22225178096932 16.06016104219368, 108.22221351952722 16.06010895735968, 108.22216615754745 16.06014234213896, 108.22224825743194 16.060244700580345))"
35,"POLYGON ((108.22235303754414 16.060103252869325, 108.22240684513334 16.060041970292854, 108.22238168080374 16.06002133801315, 108.22234905574774 16.059992626964622, 108.22233511753302 16.05999895398896, 108.22231098525644 16.060021493936734, 108.2223008145308 16.06004760096817, 108.22235303754414 16.060103252869325))"
36,"POLYGON ((108.22270545339998 16.060440675611034, 108.22278341234697 16.06036494812918, 108.22273864353484 16.060314676698038, 108.22265327266399 16.060403013087555, 108.22270545339998 16.060440675611034))"
37,"POLYGON ((108.22119741186218 16.06076420998319, 108.22124392227077 16.06076410764174, 108.2212511183732 16.06065975339495, 108.22119158084797 16.060658085462535, 108.22119741186218 16.06076420998319))"
38,"POLYGON ((108.22107760456971 16.060449659377863, 108.22123943090298 16.06043671078132, 108.22123377345821 16.060404342342846, 108.22107007827313 16.060413697168926, 108.22107760456971 16.060449659377863))"
39,"POLYGON ((108.22126188287855 16.06049062952086, 108.22133995250411 16.0604616746995, 108.22132489558463 16.060387951373368, 108.22125609841413 16.06040429321749, 108.22126188287855 16.06049062952086))"
40,"POLYGON ((108.22126780283583 16.060634531545734, 108.22135152151594 16.060634347297775, 108.22135133518867 16.06055519443023, 108.22125461057624 16.06056260305029, 108.22126780283583 16.060634531545734))"
41,"POLYGON ((108.22125552596503 16.060556304752414, 108.2213317966033 16.060553438495297, 108.2213241898025 16.0604832966492, 108.22125910707636 16.060496931912727, 108.22125552596503 16.060556304752414))"
42,"POLYGON ((108.22110874157318 16.060636680455556, 108.22116457942683 16.060647351241744, 108.22115329206352 16.06059430739911, 108.22110678381004 16.06059530918425, 108.22110874157318 16.060636680455556))"
43,"POLYGON ((108.22116177610486 16.060641960594904, 108.22124455823113 16.06063908004199, 108.22124063629923 16.060553639109894, 108.22119229092476 16.060564539115834, 108.22119605197018 16.060581620753165, 108.22117000828153 16.0605825775236, 108.22116177610486 16.060641960594904))"
44,"POLYGON ((108.22078019973603 16.06075928101538, 108.22098021142331 16.060766036980727, 108.22099198676668 16.06063109071891, 108.22078925438115 16.06065402322334, 108.22078019973603 16.06075928101538))"
45,"POLYGON ((108.22098937386598 16.06070665186969, 108.22105450111735 16.060711905439184, 108.2210626867748 16.060632734153838, 108.22099571817583 16.06063557985782, 108.22098937386598 16.06070665186969))"
46,"POLYGON ((108.22108815366657 16.06078199000212, 108.22113558582264 16.060778287780156, 108.22113807803295 16.06065145715732, 108.22109436038907 16.06065245280073, 108.22108815366657 16.06078199000212))"
47,"POLYGON ((108.22090083065349 16.06063309011872, 108.22098173544195 16.060623018042616, 108.22097592570472 16.060525888156132, 108.2208829134553 16.060529690567467, 108.22090083065349 16.06063309011872))"
48,"POLYGON ((108.22099104386469 16.060625695978025, 108.22107566735852 16.060614716218925, 108.22107195499295 16.06061832226138, 108.22105328947814 16.060592278715063, 108.22107473926714 16.060615617729542, 108.22106428479808 16.060521196470695, 108.22098803320698 16.06053215781241, 108.22099104386469 16.060625695978025))"
49,"POLYGON ((108.2205969275766 16.060750689140416, 108.22069554655971 16.060757668157002, 108.22069890370942 16.06060295208796, 108.22060404368447 16.06061215525533, 108.2205969275766 16.060750689140416))"
50,"POLYGON ((108.22072400133808 16.060595251435725, 108.22076956669996 16.06058885499163, 108.22076387126103 16.060540296178583, 108.22073036688552 16.060533174073473, 108.22069877578693 16.060548534486323, 108.22069976942686 16.060575516376517, 108.22071836088708 16.06057007869793, 108.22072400133808 16.060595251435725))"
51,"POLYGON ((108.22081244506832 16.060626538432185, 108.2208728852939 16.060616511387032, 108.22087082393539 16.060531066353153, 108.22081408975963 16.06053478896568, 108.22081244506832 16.060626538432185))"
52,"POLYGON ((108.22056679204891 16.06059379799503, 108.22067560306421 16.06058366471372, 108.22066986536245 16.060517116607567, 108.22060197292782 16.06052266262549, 108.22055921933399 16.060538047547084, 108.22056679204891 16.06059379799503))"
53,"POLYGON ((108.22123140772298 16.060387257635675, 108.221300207007 16.06037181526398, 108.22129916036093 16.060322346767375, 108.22122011189178 16.060330615937566, 108.22123140772298 16.060387257635675))"
54,"POLYGON ((108.22112447419374 16.06040458281884, 108.22123142465729 16.060394453351158, 108.22122388775183 16.06035399382594, 108.22111971946323 16.060360519292495, 108.22112447419374 16.06040458281884))"
55,"POLYGON ((108.2210861918295 16.060343503133435, 108.22110294400653 16.06034706415912, 108.22111135395515 16.06036323610276, 108.22116994002121 16.06035591146198, 108.22115958711404 16.060304664500165, 108.2211158928249 16.06031555425502, 108.22107960209024 16.060310237271597, 108.2210861918295 16.060343503133435))"
56,"POLYGON ((108.22104885450656 16.06028871764545, 108.22103474907297 16.060223986893284, 108.22091757911637 16.060239535547836, 108.22089886923733 16.06019460323127, 108.22083565967303 16.06021363106105, 108.22087312806435 16.06032418338693, 108.22104885450656 16.06028871764545))"
57,"POLYGON ((108.22107493836339 16.060304850715553, 108.2211214359684 16.060299351616802, 108.22110071961025 16.06019236036391, 108.22108025720462 16.060193304844624, 108.22108579188354 16.06017350434927, 108.22104395591343 16.060183490532086, 108.22104495382847 16.06021227134935, 108.22105889633299 16.06020774333658, 108.22107493836339 16.060304850715553))"
58,"POLYGON ((108.22112317151961 16.060246279120953, 108.22117802402894 16.060233565877382, 108.22115922096967 16.06014905714866, 108.22110900892791 16.060157262833258, 108.22112317151961 16.060246279120953))"
59,"POLYGON ((108.22118554822057 16.060268628618356, 108.22124228442819 16.060265805373984, 108.22122428665732 16.060128226202202, 108.22117409578883 16.06014542654651, 108.22118554822057 16.060268628618356))"
60,"POLYGON ((108.22092935717487 16.060501255165114, 108.22107257942436 16.06048834760312, 108.2210575903129 16.060443407118395, 108.22092557711493 16.060476078342113, 108.22092935717487 16.060501255165114))"
61,"POLYGON ((108.22090975936737 16.06047431418628, 108.22104085928787 16.060448840733933, 108.22102679404556 16.060401199807234, 108.22089106638875 16.06043657758635, 108.22089204524667 16.06045726322394, 108.22090877839213 16.060452729084382, 108.22090975936737 16.06047431418628))"
62,"POLYGON ((108.22148001215595 16.060488350465562, 108.2215246451399 16.060481056445557, 108.22151326661594 16.060389335654232, 108.221479796129 16.060396605096777, 108.22148001215595 16.060488350465562))"
63,"POLYGON ((108.22138048849155 16.06049216742765, 108.22142419127374 16.060484875475957, 108.22142412986145 16.06045879100821, 108.22145110373864 16.060457832159546, 108.22144733632094 16.0604380521338, 108.22145847550446 16.060428133451794, 108.22145465090632 16.06038406788714, 108.2213542097905 16.060393283670003, 108.22138048849155 16.06049216742765))"
64,"POLYGON ((108.22138806566724 16.060549716769533, 108.22147082868867 16.0605387409507, 108.22147441820746 16.060482965966628, 108.22138420931908 16.060492159237658, 108.22138806566724 16.060549716769533))"
65,"POLYGON ((108.22146198878414 16.06033997774858, 108.22152898692723 16.060349724403164, 108.2215464850351 16.060275029942833, 108.22147110659267 16.060261703866217, 108.22146198878414 16.06033997774858))"
66,"POLYGON ((108.22149615861059 16.06023466464025, 108.22155854170111 16.060259712421214, 108.22160121041665 16.0602083487273, 108.22152673466668 16.060183327583804, 108.22149615861059 16.06023466464025))"
67,"POLYGON ((108.22158829133913 16.060252451160462, 108.22163393074067 16.06027753578891, 108.22169221588432 16.060142487062613, 108.22163360871805 16.060140817200192, 108.22158829133913 16.060252451160462))"
68,"POLYGON ((108.2213351949167 16.060218828517012, 108.22139011092786 16.06023309915257, 108.22138828863099 16.060249293607278, 108.22142271683204 16.06025371516938, 108.2214291160368 16.060206029221284, 108.22133885433911 16.060192735859236, 108.2213351949167 16.060218828517012))"
69,"POLYGON ((108.22126538927324 16.060201892225567, 108.22130260172943 16.060203609273078, 108.22130621457983 16.060157728397925, 108.22129498860451 16.060130769029676, 108.22125501518228 16.06014165062356, 108.22126621363306 16.060156916956135, 108.22126538927324 16.060201892225567))"
70,"POLYGON ((108.22133413979502 16.060165762162327, 108.22138342374025 16.06015845793705, 108.22137211305936 16.060095519995464, 108.2213200618024 16.060112724468265, 108.22133413979502 16.060165762162327))"
71,"POLYGON ((108.22141320301635 16.06016378920281, 108.22144483211609 16.0601646190468, 108.22142058113108 16.060136788888997, 108.22144482788069 16.060162820117956, 108.22143346635663 16.06007829503371, 108.22139254792573 16.060082882449414, 108.22141320301635 16.06016378920281))"
72,"POLYGON ((108.22088821231114 16.06040959978807, 108.22093468456119 16.06039330715544, 108.22094571164696 16.060335716882193, 108.220895480511 16.060335827337724, 108.22088821231114 16.06040959978807))"
73,"POLYGON ((108.22094306276605 16.060395987138815, 108.22105462829708 16.060370556635508, 108.22104708084845 16.060325599780658, 108.22096618887726 16.06034106866526, 108.22094204370913 16.060358211676427, 108.22094306276605 16.060395987138815))"
74,"POLYGON ((108.22079142007173 16.06038822533386, 108.22086673295401 16.06037366825049, 108.22086290425689 16.060327803742553, 108.22078480288742 16.060343266423363, 108.22079142007173 16.06038822533386))"
75,"POLYGON ((108.22071454913473 16.060531409903312, 108.22078987053622 16.06052045070351, 108.2207794965684 16.060460209076837, 108.22070139725471 16.060476571193107, 108.22071454913473 16.060531409903312))"
76,"POLYGON ((108.22043679123342 16.060691226278955, 108.22054094492943 16.060678404888087, 108.22054719216608 16.06056595751768, 108.22043742558567 16.06056529920279, 108.22043679123342 16.060691226278955))"
77,"POLYGON ((108.2203601740041 16.060546580036032, 108.22046340587733 16.060537358585723, 108.22044823726866 16.060415963569728, 108.22034970931135 16.060447661409885, 108.2203601740041 16.060546580036032))"
78,"POLYGON ((108.22047553449919 16.0605526229166, 108.22052296238898 16.060547121902367, 108.22050680647123 16.060401443393094, 108.22044917170186 16.060417760455373, 108.22047553449919 16.0605526229166))"
79,"POLYGON ((108.22042674530947 16.060374635198706, 108.2204936736785 16.06035469984853, 108.22048517924239 16.06030254929772, 108.22041174578543 16.06032519734147, 108.22042674530947 16.060374635198706))"
80,"POLYGON ((108.22053828765158 16.060339310853077, 108.22062851131882 16.060336414190683, 108.22062747118119 16.060289644079784, 108.22053259650465 16.06029255096014, 108.22053828765158 16.060339310853077))"
81,"POLYGON ((108.22065181932983 16.0603588496972, 108.22067041922855 16.060357009881212, 108.22066097339827 16.060295866737807, 108.22063865268075 16.060297714729852, 108.22065181932983 16.0603588496972))"
82,"POLYGON ((108.22067876571413 16.06034619790742, 108.2207466813469 16.06035054597624, 108.22075408281928 16.0603334397928, 108.22081547220058 16.060331505901562, 108.22081350604316 16.060286536766714, 108.22067768539324 16.060282337971284, 108.22067876571413 16.06034619790742))"
83,"POLYGON ((108.22065010690943 16.060421816301673, 108.22073100316999 16.060408146464024, 108.22073738351285 16.060352365352234, 108.22065183835745 16.06036694487785, 108.22065010690943 16.060421816301673))"
84,"POLYGON ((108.22057198857419 16.060430083189978, 108.22064265891372 16.06041913426246, 108.2206332152025 16.060358890582563, 108.22055882828533 16.060371646611184, 108.22057198857419 16.060430083189978))"
85,"POLYGON ((108.22031238272933 16.06039737311196, 108.22041559339746 16.060379157041126, 108.22038750548548 16.06030186438654, 108.22035311321233 16.060312733555126, 108.22035028878868 16.060298348251198, 108.22028334563512 16.06031198730458, 108.22031238272933 16.06039737311196))"
86,"POLYGON ((108.22075487768883 16.06027587201971, 108.22079951277121 16.06026947761574, 108.22079550856361 16.060148957551377, 108.22075179102563 16.060149953122014, 108.22075487768883 16.06027587201971))"
87,"POLYGON ((108.22083843337005 16.06020642920973, 108.22092860831528 16.060182844739238, 108.22092204187715 16.060159472980708, 108.22093876441996 16.06015044151687, 108.22093684477721 16.06012526060205, 108.22089780788575 16.060138838477727, 108.22090903380864 16.060165797868187, 108.22087928838646 16.060174857963972, 108.22085690211776 16.060148822578753, 108.2208346194885 16.06016686095189, 108.22083843337005 16.06020642920973))"
88,"POLYGON ((108.22147167888363 16.060109692330986, 108.22162166809834 16.06010666367131, 108.22158185099207 16.06008516409457, 108.22162166809834 16.06010666367131, 108.2215935951247 16.060035892301407, 108.22145970123235 16.060059798164595, 108.22147167888363 16.060109692330986))"
89,"POLYGON ((108.22168375928601 16.060106526925658, 108.22172767969002 16.060092938151357, 108.22169677157207 16.060003284190067, 108.22165425284811 16.060019568277998, 108.22168375928601 16.060106526925658))"
90,"POLYGON ((108.22176959931045 16.060118480679744, 108.22182049465889 16.060104201919597, 108.22181203221129 16.060065768261072, 108.22183853351179 16.060061662264342, 108.2218097278468 16.059976051298886, 108.22176581065293 16.059990989285936, 108.22176863146426 16.060003800506315, 108.22172749216122 16.060013335551925, 108.2217338616294 16.06005177382465, 108.22175272370544 16.060062525904954, 108.22176959931045 16.060118480679744))"
91,"POLYGON ((108.22185324623423 16.06008793931856, 108.22189925799287 16.060073671299808, 108.22185990801663 16.059954353485974, 108.22181390581916 16.059972669085546, 108.22185324623423 16.06008793931856))"
92,"POLYGON ((108.22197870941524 16.060039091524445, 108.22202193849023 16.060028202621236, 108.22201206479933 16.05998302606385, 108.22200508985622 16.059983716038285, 108.22199946887619 16.059966863382076, 108.22197924170146 16.059968931765916, 108.22196867355039 16.059925105940046, 108.221933121859 16.059937327117762, 108.22194438765638 16.059981151408145, 108.22196181785948 16.059976390784282, 108.22197870941524 16.060039091524445))"
93,"POLYGON ((108.22215258182092 16.060105156538967, 108.22218287805859 16.060083165186402, 108.22212205096908 16.060027644644, 108.22210185400907 16.060042530406577, 108.22215258182092 16.060105156538967))"
94,"POLYGON ((108.2222041628585 16.060085816663474, 108.2222393219802 16.060055044757984, 108.22221064818682 16.06002542550624, 108.22225558001242 16.05999699315604, 108.22228215209674 16.06002290672696, 108.22231976730288 16.059998200808117, 108.22227957984106 16.059967595055234, 108.22230012401545 16.059952033908807, 108.22227459046292 16.05992274504079, 108.22221958722966 16.059970088451475, 108.22220454632307 16.05995258196969, 108.22213908939838 16.060004670621648, 108.22215168056309 16.06001880950001, 108.22213564964467 16.06002525355886, 108.2222041628585 16.060085816663474))"
95,"POLYGON ((108.22120377028517 16.06010623435074, 108.22127977327229 16.06008852746477, 108.22128173762776 16.060033880393213, 108.2212579221476 16.059993456689586, 108.22118054134836 16.060018587218824, 108.22120377028517 16.06010623435074))"
96,"POLYGON ((108.22129930757777 16.06008848447684, 108.22134254305594 16.060080294102903, 108.22131722745321 16.059995349986824, 108.22127679848303 16.060010280197805, 108.22129930757777 16.06008848447684))"
97,"POLYGON ((108.22134671945066 16.060076237300116, 108.22143669295608 16.06006592023087, 108.22140155140794 16.059956037487506, 108.22132138002897 16.059981174209376, 108.22134671945066 16.060076237300116))"
98,"POLYGON ((108.22104343050715 16.060157856817426, 108.22110688686816 16.06014489980087, 108.22110193345665 16.060115228215988, 108.22103570553178 16.060136286549092, 108.22104343050715 16.060157856817426))"
99,"POLYGON ((108.22104960306767 16.060112644916764, 108.2210433686168 16.060131547481355, 108.22110123421568 16.06011455515232, 108.2210885431313 16.060057916513784, 108.22104041930932 16.060064093782845, 108.221043341639 16.060120079309197, 108.22104960306767 16.060112644916764))"
100,"POLYGON ((108.22102987357302 16.06002971228283, 108.2210772997336 16.060023536550922, 108.22107024226055 16.059989147379945, 108.22108417311067 16.059979672311147, 108.22106939066812 16.05992371287258, 108.2210115156002 16.059936657601646, 108.22101647692728 16.059969702181455, 108.22100462316693 16.059972426659147, 108.22101305848012 16.059999392181812, 108.22102561148228 16.059997340767588, 108.22102987357302 16.06002971228283))"
101,"POLYGON ((108.22152382341481 16.060033347523657, 108.22156913276693 16.060017057316553, 108.22155990440605 16.059949617454706, 108.22154805700954 16.059955040355533, 108.22154803000318 16.059943572184032, 108.2214985188614 16.059953125618854, 108.22152382341481 16.060033347523657))"
102,"POLYGON ((108.22160468131868 16.06000348700173, 108.22166673910517 16.05998918369736, 108.22164420286848 16.059899511288375, 108.22159819112976 16.05991377925198, 108.2216094393759 16.05995018298057, 108.22158781847997 16.059952928998445, 108.22160468131868 16.06000348700173))"
103,"POLYGON ((108.2216841709053 16.059985097694227, 108.22175110589578 16.059968085216493, 108.22170620182176 16.05986024783573, 108.22166364499286 16.059860341565283, 108.22166022028743 16.05988733318039, 108.22165044678923 16.059884656297506, 108.2216841709053 16.059985097694227))"
104,"POLYGON ((108.22177685231381 16.05993969522558, 108.2218326375469 16.0599281040987, 108.2217988863469 16.059816194555324, 108.22174729341654 16.05983047484554, 108.22177685231381 16.05993969522558))"
105,"POLYGON ((108.22185493542386 16.059916586741306, 108.2219037441148 16.05990501096714, 108.22190924584822 16.059871268754275, 108.22187706478877 16.059833561962137, 108.22183734626515 16.059853887526426, 108.22185485912115 16.05988420602302, 108.22185493542386 16.059916586741306))"
106,"POLYGON ((108.22192604198491 16.05989349360248, 108.22197135922076 16.05988057630323, 108.22195027222584 16.059813837195918, 108.22190706544977 16.059834170459883, 108.22192604198491 16.05989349360248))"
107,"POLYGON ((108.22194880537278 16.059783483347474, 108.22199632843753 16.05981845790991, 108.22204085099331 16.059764391638506, 108.22199611377364 16.059727387140565, 108.22194880537278 16.059783483347474))"
108,"POLYGON ((108.2218726753917 16.05974722260242, 108.22190558588463 16.059798419824645, 108.22193067435356 16.059786896310655, 108.22198426004243 16.05973011167179, 108.22193810527747 16.059683665859907, 108.2218726753917 16.05974722260242))"
109,"POLYGON ((108.2218377736908 16.059739204277435, 108.22190808874112 16.05967631138284, 108.22187871739911 16.05964669362012, 108.22186410167576 16.05966156706287, 108.2218215623746 16.059669081404145, 108.2218377736908 16.059739204277435))"
110,"POLYGON ((108.22161554824976 16.05987798713344, 108.22166021234253 16.059883960188788, 108.22166983170666 16.059821201034367, 108.22162725581947 16.059813199576563, 108.22161554824976 16.05987798713344))"
111,"POLYGON ((108.22174170265846 16.059826439549582, 108.2217905161031 16.05981688759647, 108.22177143789779 16.059714390147953, 108.2217246586346 16.059698977348273, 108.22174170265846 16.059826439549582))"
112,"POLYGON ((108.22159026592365 16.059807209615386, 108.22163490934442 16.059804412898274, 108.22163189629106 16.05970997527786, 108.22158726401229 16.059717494182145, 108.22159780982551 16.059751875653593, 108.22159719161087 16.05978560710637, 108.22158743082824 16.059788327007077, 108.22159026592365 16.059807209615386))"
113,"POLYGON ((108.22147408670148 16.05994710799078, 108.22155077136892 16.059922653491498, 108.22154723862216 16.059903772418913, 108.22159605527362 16.059895569706082, 108.22158609589434 16.059813964816055, 108.2215295971386 16.05981881143107, 108.2215346014384 16.059870070151973, 108.22146069151793 16.059887772518476, 108.22147408670148 16.05994710799078))"
114,"POLYGON ((108.2213603382541 16.05993420363992, 108.22143389699251 16.059915490177808, 108.22142475365067 16.059884141319436, 108.22135121477203 16.059911287257506, 108.2213603382541 16.05993420363992))"
115,"POLYGON ((108.22130581333263 16.059888450714183, 108.22138112175065 16.05987209452634, 108.22137690248405 16.059857937174392, 108.22138665850903 16.05985319348811, 108.22138314642366 16.059843082190753, 108.22130294650702 16.05985607613449, 108.22130581333263 16.059888450714183))"
116,"POLYGON ((108.22133571237761 16.059845884997365, 108.2213670924669 16.059839744516434, 108.22136076912774 16.05982086958215, 108.22137541030904 16.059816789746264, 108.22135502911065 16.059753422030678, 108.22131737492427 16.059761600122826, 108.22133571237761 16.059845884997365))"
117,"POLYGON ((108.2212910800558 16.059853403840947, 108.22133222887662 16.059847916469458, 108.22130831337904 16.059764993073877, 108.2212713584287 16.059773844221073, 108.2212910800558 16.059853403840947))"
118,"POLYGON ((108.22121852732373 16.05985491269309, 108.22128199469043 16.059846677815646, 108.2212685646427 16.05977250116511, 108.22120440123349 16.05978141217136, 108.22121852732373 16.05985491269309))"
119,"POLYGON ((108.22116760976863 16.059859746932833, 108.22120945942271 16.059855607246654, 108.22119743899316 16.05978749890635, 108.22110955696843 16.059797136669964, 108.22112998729767 16.05988141696006, 108.22116693910007 16.059871216639923, 108.22116760976863 16.059859746932833))"
120,"POLYGON ((108.22113767417915 16.059886796864667, 108.22115182247545 16.0599697417676, 108.22117970956162 16.059961585192525, 108.22117407277763 16.05993798652916, 108.22118104296068 16.059935272786664, 108.22116625255828 16.05987594036334, 108.22113767417915 16.059886796864667))"
121,"POLYGON ((108.22122919690975 16.05994191285563, 108.2212808073739 16.05993505327048, 108.22127440941834 16.05988447221106, 108.22121582878599 16.059894045538147, 108.22122919690975 16.05994191285563))"
122,"POLYGON ((108.22129332543832 16.05991816067702, 108.22137630805277 16.059901787602385, 108.22137903514376 16.0598747975264, 108.2212897657243 16.059887811427526, 108.22129332543832 16.05991816067702))"
123,"POLYGON ((108.22140858534448 16.059832232567597, 108.2214504254569 16.059824045244568, 108.22143457659385 16.059759655657153, 108.22139552313446 16.05976615033853, 108.22140858534448 16.059832232567597))"
124,"POLYGON ((108.22142959513454 16.059866253713427, 108.22150176647743 16.059850916291815, 108.22149790158883 16.05983911926864, 108.22150938109193 16.059825601958654, 108.22151213755099 16.059811091950493, 108.2214228832577 16.059830514590477, 108.22142959513454 16.059866253713427))"
125,"POLYGON ((108.22147028711996 16.059814894396247, 108.22149644274609 16.059812138407047, 108.22150963222761 16.059784113392926, 108.22149667720612 16.05976356655865, 108.22146250016941 16.059767014808113, 108.22147161571534 16.059786558194233, 108.22147028711996 16.059814894396247))"
126,"POLYGON ((108.22158813086402 16.059789337368343, 108.22159509785844 16.05978527441596, 108.22159326634578 16.059748175348364, 108.22156779567298 16.059745533026312, 108.22156859817717 16.059790054980162, 108.22158813086402 16.059789337368343))"
127,"POLYGON ((108.22103864949356 16.0599048916361, 108.22108536686191 16.059893995248938, 108.2210509977758 16.05981581702972, 108.22100916240692 16.05982602807026, 108.22103864949356 16.0599048916361))"
128,"POLYGON ((108.2208708497976 16.060047601632284, 108.2209280399462 16.0600400552614, 108.22092721061084 16.059984065129886, 108.22086027871032 16.06000242654886, 108.2208708497976 16.060047601632284))"
129,"POLYGON ((108.22092944159964 16.060042750586707, 108.22096849433692 16.06003591868944, 108.22094949585595 16.059967151078222, 108.22092857260064 16.059969895495666, 108.22092944159964 16.060042750586707))"
130,"POLYGON ((108.2208608970488 16.059968695095552, 108.2209348292695 16.05996043731134, 108.22091508714709 16.059872107876878, 108.2208446463958 16.05988170718125, 108.2208608970488 16.059968695095552))"
131,"POLYGON ((108.22075905075424 16.059973641206025, 108.22082951216319 16.059972811708025, 108.22081954198748 16.05988648458591, 108.22079862666885 16.059892601982494, 108.22080067521782 16.05987370862626, 108.22075255460109 16.059881235026612, 108.22075905075424 16.059973641206025))"
132,"POLYGON ((108.22074608873415 16.060098471046377, 108.22080334076153 16.06011723404542, 108.22080737441645 16.060052463397934, 108.22074321882302 16.060064747260714, 108.22074608873415 16.060098471046377))"
133,"POLYGON ((108.22068462383719 16.060068249058823, 108.22079621354348 16.060053162535382, 108.22079615009997 16.06002617859971, 108.22073126831484 16.060026321221226, 108.22073125562788 16.060020924434045, 108.22079613106695 16.060018083419003, 108.22079119197956 16.059994483210833, 108.22073328673962 16.059994610496062, 108.22073046282253 16.05998045006346, 108.22065720286767 16.059977912669783, 108.22065382559275 16.060025142224394, 108.22068593034449 16.060030468481692, 108.22068462383719 16.060068249058823))"
134,"POLYGON ((108.22066545264762 16.060222775023743, 108.220714282105 16.060219969296227, 108.22070002772172 16.060091826269378, 108.22065398256822 16.060091927466413, 108.22066545264762 16.060222775023743))"
135,"POLYGON ((108.22055250240298 16.060252705712244, 108.220665493875 16.060240314581943, 108.2206430579441 16.06019314175756, 108.22054679117575 16.0601974009062, 108.22055250240298 16.060252705712244))"
136,"POLYGON ((108.22055270221321 16.060189292695817, 108.22058479351332 16.06018888488116, 108.22057449996801 16.060113352087875, 108.22054486077282 16.060118139425335, 108.22055270221321 16.060189292695817))"
137,"POLYGON ((108.22059001957808 16.06018617499, 108.22063082838352 16.06018439880882, 108.22062226547915 16.06010312809894, 108.22058599064775 16.060104557014473, 108.22059001957808 16.06018617499))"
138,"POLYGON ((108.22056922951563 16.060097173223145, 108.22063062939807 16.06009973670944, 108.22063196286976 16.06007342430537, 108.22063893147977 16.06007003598183, 108.2206389679477 16.060085551745146, 108.22065152095969 16.060083500352622, 108.22064581763925 16.06003156854097, 108.22062559361137 16.06003498599432, 108.2206268858602 16.05999113403143, 108.22059688358902 16.059989850756477, 108.22058923318136 16.059999986595766, 108.22056830674607 16.060001381781397, 108.22056351511884 16.060040519219932, 108.22056922951563 16.060097173223145))"
139,"POLYGON ((108.22051365814815 16.060199834809588, 108.22054853134811 16.060195710578, 108.22053242823341 16.060171460290917, 108.22054853610392 16.06019773437321, 108.22054416153364 16.0601174663598, 108.22050650248666 16.06012362051655, 108.22051365814815 16.060199834809588))"
140,"POLYGON ((108.22049185016823 16.060122978105092, 108.22052533438826 16.06012155533661, 108.22052600192367 16.06010873643398, 108.22053575956716 16.060104667384095, 108.22053217777064 16.060064873741748, 108.22048822875364 16.060066319501367, 108.22049185016823 16.060122978105092))"
141,"POLYGON ((108.22047706946333 16.060067693220653, 108.22054820953987 16.060058767100696, 108.22054953668125 16.060029756303106, 108.22047422020302 16.060042739209557, 108.22047706946333 16.060067693220653))"
142,"POLYGON ((108.22040714843018 16.06029856066504, 108.2204566565462 16.060287658282352, 108.22045098496774 16.060249218433558, 108.22040007204325 16.06025607628904, 108.22040714843018 16.06029856066504))"
143,"POLYGON ((108.22038888897058 16.06024733102774, 108.22043142053148 16.060236443974652, 108.22042991745141 16.06019057434734, 108.22038389128998 16.06019877066797, 108.22038888897058 16.06024733102774))"
144,"POLYGON ((108.22041655900792 16.060146754566947, 108.22048979049269 16.06013714926988, 108.22047781466769 16.06008792964063, 108.22041437095707 16.060106283258857, 108.22041655900792 16.060146754566947))"
145,"POLYGON ((108.22043765028887 16.06021551763119, 108.22048437569094 16.0602079943647, 108.22047377298051 16.060149327292475, 108.22042566496226 16.060162250408656, 108.22043765028887 16.06021551763119))"
146,"POLYGON ((108.22020817588178 16.060238958054192, 108.22021793829089 16.060236912813828, 108.22022077168108 16.060255120844317, 108.22026402308855 16.060253676670413, 108.22026177803177 16.06018891981678, 108.22020528388073 16.06019578988124, 108.22020817588178 16.060238958054192))"
147,"POLYGON ((108.22008963164687 16.060263503967207, 108.22009182280227 16.060305324476584, 108.2201448413871 16.0603038588866, 108.22014197157309 16.060270135090885, 108.22021731826037 16.060269969668926, 108.22021376345357 16.060241644193667, 108.22008888014564 16.06024056915138, 108.22008963164687 16.060263503967207))"
148,"POLYGON ((108.22017039483214 16.06019316807272, 108.22020806974538 16.06019375995887, 108.22021083343209 16.060182285658307, 108.22024501690373 16.060181535999984, 108.22024622527104 16.06010193032042, 108.22017297636108 16.060104114951297, 108.22017039483214 16.06019316807272))"
149,"POLYGON ((108.22002327054341 16.060227895721027, 108.22011815628993 16.060229711256014, 108.22012578930801 16.06021215485001, 108.22015509554103 16.060214114320157, 108.22016392903542 16.060113579240802, 108.2200516035784 16.060112476605095, 108.22005379313973 16.060153622517284, 108.22009704452746 16.060152178377635, 108.22009781345025 16.060182533776562, 108.2201068797875 16.06018116467113, 108.22010689562529 16.06018791065562, 108.22006224575424 16.06018800866315, 108.2200692017091 16.0601792235702, 108.22002314703033 16.060175277041402, 108.22002327054341 16.060227895721027))"
150,"POLYGON ((108.22026037955472 16.06018757368378, 108.22038802491939 16.06017649972593, 108.22038655354446 16.060144122066294, 108.2203349382362 16.060148957642753, 108.22033555666297 16.060115226189055, 108.2202651221305 16.060127523699336, 108.22026727529655 16.060153153844098, 108.22025681999081 16.060157224413846, 108.22026037955472 16.06018757368378))"
151,"POLYGON ((108.22030732202907 16.06027247044055, 108.22036660839997 16.060266268817998, 108.22036576812616 16.060205556492367, 108.22029950206138 16.060210424238196, 108.22030732202907 16.06027247044055))"
152,"POLYGON ((108.22035095691724 16.060434279065632, 108.22047925570558 16.060404314762117, 108.22047707239295 16.06036586725127, 108.22033900487506 16.060395178405745, 108.22035095691724 16.060434279065632))"
153,"POLYGON ((108.22057788822845 16.060516081964792, 108.22070485356791 16.06051242992842, 108.22069486596865 16.060418682221933, 108.22057351680655 16.060437163151626, 108.22057788822845 16.060516081964792))"
154,"POLYGON ((108.21983538308595 16.060729874538314, 108.22002479197677 16.060727435099757, 108.22002972035197 16.060597900717514, 108.21983613039839 16.060602373136152, 108.21983538308595 16.060729874538314))"
155,"POLYGON ((108.22005415529655 16.060753680124794, 108.22012110890982 16.06074442602894, 108.22012075253711 16.060592641384886, 108.22005690991915 16.0605897458168, 108.22005415529655 16.060753680124794))"
156,"POLYGON ((108.22015879184701 16.060748390913027, 108.22025507552871 16.060751215214932, 108.22026409462806 16.060581195735217, 108.22016260474744 16.06058951379655, 108.22015879184701 16.060748390913027))"
157,"POLYGON ((108.21987374681694 16.06057800493653, 108.22003588523505 16.060549315849258, 108.22001891347648 16.060452210423293, 108.21986099668261 16.0604960687772, 108.21987374681694 16.06057800493653))"
158,"POLYGON ((108.22021695534998 16.060561061186828, 108.22030592544229 16.06056896104049, 108.22030883672471 16.060471811975006, 108.22022615270117 16.060466934027637, 108.22021695534998 16.060561061186828))"
159,"POLYGON ((108.22023131620121 16.06043757750736, 108.22030039593821 16.060442485329336, 108.22029178403649 16.060340302053866, 108.22022899510911 16.060340439929753, 108.22023131620121 16.06043757750736))"
160,"POLYGON ((108.22012547415453 16.06037507190502, 108.2201840605318 16.060367859965957, 108.22017764620307 16.060310195585213, 108.22012009919708 16.060314369531884, 108.22012547415453 16.06037507190502))"
161,"POLYGON ((108.21988806038927 16.06043428332097, 108.22001570752123 16.060423884178974, 108.21999244739173 16.06032274493885, 108.2198784188376 16.06033918560313, 108.21988806038927 16.06043428332097))"
162,"POLYGON ((108.22001780998747 16.060427927176132, 108.22015805766436 16.06043571454575, 108.22015373630504 16.06037804556963, 108.22009512616705 16.060375138523913, 108.22009919331342 16.060324534452345, 108.22005107414158 16.060332735296793, 108.22004594149737 16.06037524648331, 108.22001141233058 16.0603773460732, 108.22001780998747 16.060427927176132))"
163,"POLYGON ((108.21965250684778 16.060394323910966, 108.22001232105019 16.060318653711445, 108.21998702022469 16.060239780811884, 108.2196397829241 16.06032351860938, 108.21965250684778 16.060394323910966))"
164,"POLYGON ((108.21968664940142 16.060673534235377, 108.21983524537193 16.060671184473716, 108.21982842987121 16.06044250937334, 108.21962759537064 16.060481402192703, 108.21965519317278 16.060647293748207, 108.21968664940142 16.060673534235377))"
165,"POLYGON ((108.21974417950771 16.06021602793589, 108.22000993356211 16.060193182992307, 108.22000661835604 16.06011830945315, 108.21973879992359 16.06015330175365, 108.21974417950771 16.06021602793589))"
166,"POLYGON ((108.2196353810249 16.060231445095102, 108.21964378610485 16.06024559330435, 108.21973480152828 16.060233250855532, 108.21971786792538 16.060152335762037, 108.2196278824059 16.06015759262375, 108.2196353810249 16.060231445095102))"
167,"POLYGON ((108.21951724723276 16.06028229926959, 108.21964277996985 16.06026279786076, 108.21962265949246 16.06016165168875, 108.21949295749856 16.060188245545373, 108.21951724723276 16.06028229926959))"
168,"POLYGON ((108.21951067650336 16.060157849611013, 108.21963519590832 16.060152517071188, 108.21964440776028 16.060064461313143, 108.21950107548157 16.06007995413079, 108.21951067650336 16.060157849611013))"
169,"POLYGON ((108.21952197899938 16.06006877737058, 108.21965900627657 16.06004216743374, 108.21962936544683 16.05989753031008, 108.2194798279521 16.059944405710674, 108.21952197899938 16.06006877737058))"
170,"POLYGON ((108.21972408984318 16.060128036444766, 108.21977219473774 16.060113764288207, 108.21975523264486 16.06002070642401, 108.21970502531545 16.0600309355757, 108.21972408984318 16.060128036444766))"
171,"POLYGON ((108.21977531518891 16.06010566221981, 108.21986111713016 16.06010142637839, 108.2198599756729 16.060060952765525, 108.21982225963093 16.060042821256797, 108.21981483455133 16.060000337622146, 108.21976254613902 16.060015630867245, 108.21977531518891 16.06010566221981))"
172,"POLYGON ((108.21991134584016 16.060100304269312, 108.22003169114495 16.06010004017336, 108.22001372995646 16.060027222583514, 108.22000728243849 16.05995539162631, 108.21998216691486 16.05995544674423, 108.21998213603977 16.059942292073938, 108.21989321135209 16.05995361813438, 108.21989324459588 16.059967784702557, 108.21993408582196 16.05997983792396, 108.21994361338616 16.06002636455207, 108.21991011888518 16.06002340233918, 108.21991134584016 16.060100304269312))"
173,"POLYGON ((108.22011018671479 16.06010391549116, 108.220174031554 16.060107822945284, 108.22016124094205 16.06000868454215, 108.22009741989062 16.060014896060245, 108.22011018671479 16.06010391549116))"
174,"POLYGON ((108.22023567649939 16.06006619958096, 108.22033505651248 16.060050802804692, 108.22032655869957 16.059997190614723, 108.22031192461183 16.060004306072756, 108.22030555541718 16.059965867750236, 108.22021454966162 16.059982258028462, 108.22023567649939 16.06006619958096))"
175,"POLYGON ((108.22038958284917 16.06009723058008, 108.2204680498913 16.06008896299497, 108.2204511635553 16.060028285918737, 108.22038111354381 16.060055761164715, 108.22038958284917 16.06009723058008))"
176,"POLYGON ((108.22025359024389 16.060118779196507, 108.22033937553734 16.06010745988006, 108.2203225343964 16.06006600884822, 108.22024513047093 16.060081357365767, 108.22025359024389 16.060118779196507))"
177,"POLYGON ((108.22035061348564 16.059991066368667, 108.22040920211825 16.059984866268632, 108.22042182882095 16.060014183716692, 108.22043228173844 16.060009101241462, 108.22044279646627 16.06003032810441, 108.2204950776929 16.060011999001638, 108.22048455107284 16.059985712653155, 108.22045317093006 16.059991853006032, 108.22045204124136 16.059956438887323, 108.2204196074902 16.059959545841064, 108.22040074232278 16.059947444444205, 108.22035159341338 16.059962730935894, 108.22035061348564 16.059991066368667))"
178,"POLYGON ((108.22051913960821 16.060008910429662, 108.22058085103419 16.059995620101816, 108.22056806498621 16.05989850552242, 108.22050634170077 16.05990673635769, 108.22051913960821 16.060008910429662))"
179,"POLYGON ((108.22062159003923 16.059964161593225, 108.22065298682061 16.059965104499216, 108.22066034785787 16.059980266864734, 108.22068753255677 16.059970088091166, 108.22068329192965 16.05994682364593, 108.22073455279794 16.059939627659343, 108.22072709184873 16.059881965596805, 108.2206769060166 16.059901302052786, 108.22067696310084 16.05992558759558, 108.22066336124067 16.059926629391605, 108.22066118979268 16.059893241369817, 108.22061201000173 16.059895373251337, 108.22062159003923 16.059964161593225))"
180,"POLYGON ((108.22052720947563 16.05988038103655, 108.22057324506945 16.059876232277517, 108.22056990588209 16.05979123977392, 108.22051449241499 16.059812611483878, 108.22052720947563 16.05988038103655))"
181,"POLYGON ((108.22177307792687 16.059670200116056, 108.22188389971453 16.05962543224454, 108.22177902303297 16.05952852063665, 108.22168291870308 16.059601589317133, 108.22177307792687 16.059670200116056))"
182,"POLYGON ((108.22157948418742 16.059672650291002, 108.22162553638817 16.05967558459007, 108.22160233989293 16.059601766769987, 108.22156674772397 16.05959678562855, 108.22157948418742 16.059672650291002))"
183,"POLYGON ((108.22154081929054 16.059696009188777, 108.22157950325169 16.059680745471052, 108.22155417330721 16.059589729996077, 108.22152491481243 16.059608008665645, 108.22154081929054 16.059696009188777))"
184,"POLYGON ((108.22139125622746 16.059731755036125, 108.2214247411658 16.059730669428067, 108.22140778549267 16.059640647403683, 108.2213701218019 16.059644777914382, 108.22139125622746 16.059731755036125))"
185,"POLYGON ((108.22121601032069 16.059748837088915, 108.2212991684765 16.05973296961062, 108.22130862370159 16.059748633296003, 108.2213452302162 16.059739951559855, 108.22132882282543 16.059660553300997, 108.22129273837287 16.059668727933847, 108.22122840614128 16.059680000424564, 108.22122313922078 16.059665339422747, 108.22120117746002 16.05967145916037, 108.22121601032069 16.059748837088915))"
186,"POLYGON ((108.2211789138931 16.05977168652015, 108.22121658594682 16.059771097683797, 108.22120012145706 16.059667413872535, 108.2211671883377 16.059680641064926, 108.2211789138931 16.05977168652015))"
187,"POLYGON ((108.22117730845935 16.05975651151028, 108.22116880091278 16.059698851767703, 108.22113062825025 16.059709054773244, 108.22113704044757 16.0597657072243, 108.22117730845935 16.05975651151028))"
188,"POLYGON ((108.22105073925579 16.059780063699083, 108.22109991305935 16.059775401973763, 108.22109561287436 16.059726840098136, 108.22110815990688 16.05972225893556, 108.2211060193364 16.059702025588063, 108.22103908397693 16.059718869214073, 108.22105073925579 16.059780063699083))"
189,"POLYGON ((108.22099741999509 16.059801936877914, 108.22105337092603 16.059786635279018, 108.22103753330121 16.059726967847215, 108.22098264671457 16.059749856372186, 108.22099741999509 16.059801936877914))"
190,"POLYGON ((108.22098277999648 16.059806522636944, 108.22097638569099 16.059757459412268, 108.22092514748704 16.059774268482542, 108.22092783388757 16.05980411370873, 108.22095137015044 16.059800014341935, 108.22095088141907 16.059814688007542, 108.22098277999648 16.059806522636944))"
191,"POLYGON ((108.22067996577546 16.05986739658281, 108.22075633499591 16.05985710969922, 108.2207541516391 16.0598186621905, 108.2206725405223 16.05982491298189, 108.22067996577546 16.05986739658281))"
192,"POLYGON ((108.22084404179003 16.05977292895608, 108.22091098075511 16.05975760323659, 108.22088669995956 16.059667597272046, 108.22081663586158 16.059689001270744, 108.22084404179003 16.05977292895608))"
193,"POLYGON ((108.22097948704769 16.059741262146787, 108.22105110658079 16.059713783256864, 108.22101635737569 16.05962228247851, 108.2209473350272 16.059641660422507, 108.22097948704769 16.059741262146787))"
194,"POLYGON ((108.2210516167281 16.05970821666932, 108.22111490250157 16.059696946533236, 108.22108120093915 16.059605949412745, 108.2210236851037 16.059623278265306, 108.2210516167281 16.05970821666932))"
195,"POLYGON ((108.22113002406488 16.059674651406862, 108.22117498811647 16.059659879897637, 108.22115285731283 16.05959415490259, 108.22110683846373 16.05960538706734, 108.22113002406488 16.059674651406862))"
196,"POLYGON ((108.22124042040309 16.05967137281547, 108.22131625079429 16.059654509552043, 108.22128880062867 16.059551861826186, 108.22121088088932 16.05957024753036, 108.22124042040309 16.05967137281547))"
197,"POLYGON ((108.22135987853778 16.059738907417742, 108.22138236592198 16.059733798409678, 108.22136592516983 16.059640233588432, 108.2213455283704 16.059644326090744, 108.22135987853778 16.059738907417742))"
198,"POLYGON ((108.22132146413239 16.059646402856618, 108.22140201437821 16.059634082738533, 108.22136619354117 16.059531959399273, 108.22129664802173 16.059551338605907, 108.22132146413239 16.059646402856618))"
199,"POLYGON ((108.22141875564814 16.05963303398577, 108.22145274355857 16.059623346092998, 108.22142476889823 16.05952019358908, 108.22138815051713 16.059523815850095, 108.22141875564814 16.05963303398577))"
200,"POLYGON ((108.22148799594865 16.059706244514402, 108.22152512449485 16.0596970556472, 108.22152137365843 16.05965962350316, 108.22148058959208 16.059671856125465, 108.22148799594865 16.059706244514402))"
201,"POLYGON ((108.22164086414831 16.059518705908456, 108.22167026205219 16.059559623227756, 108.22174962153623 16.05948608548638, 108.22169983758245 16.05945381425204, 108.22164086414831 16.059518705908456))"
202,"POLYGON ((108.22169116419761 16.059547940311212, 108.22171790897345 16.059573178974308, 108.22177535797717 16.059527516807435, 108.22174024614803 16.059504320386996, 108.22169116419761 16.059547940311212))"
203,"POLYGON ((108.21950334854722 16.059933602679, 108.21969263920751 16.059881074614704, 108.21972449156509 16.05985317742357, 108.21971863029934 16.059808160596837, 108.21949219442953 16.059862793922193, 108.21950334854722 16.059933602679))"
204,"POLYGON ((108.21979378713043 16.059950168109953, 108.21984503616606 16.05993791284671, 108.21983644114499 16.059842812825604, 108.219785175515 16.059847984801994, 108.21979378713043 16.059950168109953))"
205,"POLYGON ((108.21990469027969 16.059939805770625, 108.22002710232076 16.059928406212713, 108.22002693605518 16.059857573372756, 108.21988143501808 16.059840690306388, 108.21990469027969 16.059939805770625))"
206,"POLYGON ((108.22008255625876 16.05992423688779, 108.22017148567242 16.059914934544704, 108.22016609883781 16.0598491726817, 108.22008032076928 16.059863527619456, 108.22008255625876 16.05992423688779))"
207,"POLYGON ((108.22009839361833 16.059983904396308, 108.22018836953771 16.059974599748475, 108.220185151688 16.059941214017464, 108.22014226738818 16.059950415290235, 108.22014324259379 16.059920056062168, 108.22010034879393 16.059925209735677, 108.22009839361833 16.059983904396308))"
208,"POLYGON ((108.22025834588105 16.059915755737435, 108.22031376653558 16.059897419785475, 108.22029796476865 16.059852930759124, 108.22024357397021 16.05986418112521, 108.22025834588105 16.059915755737435))"
209,"POLYGON ((108.2203336734195 16.059907495096734, 108.2204016803467 16.059901274315095, 108.22041101784143 16.059866849107447, 108.22038685848273 16.05982844986264, 108.22033036523054 16.059835657256738, 108.2203336734195 16.059907495096734))"
210,"POLYGON ((108.22038354076878 16.059752564432717, 108.22044840107253 16.05974331483991, 108.22043239722416 16.059612814520797, 108.22035813054072 16.059627144281215, 108.22038354076878 16.059752564432717))"
211,"POLYGON ((108.22055204766937 16.05976231329225, 108.22062628584814 16.059735840692138, 108.22059582619049 16.05968834818995, 108.22053099920093 16.05971176439402, 108.22055204766937 16.05976231329225))"
212,"POLYGON ((108.22062860473922 16.059831966368293, 108.22066414698418 16.05981569781486, 108.22063152537743 16.059738864886814, 108.22059806183265 16.059749057449807, 108.22062860473922 16.059831966368293))"
213,"POLYGON ((108.22065345862426 16.05972060243532, 108.22070992804359 16.059703275980784, 108.22068466746492 16.059641605424307, 108.22068669382331 16.059613267690498, 108.22060619823067 16.059648861186542, 108.22065345862426 16.05972060243532))"
214,"POLYGON ((108.22072040948173 16.05971033626355, 108.22074969423505 16.059703188575593, 108.2207118093015 16.059613212491097, 108.22069196427125 16.059629446553156, 108.22072040948173 16.05971033626355))"
215,"POLYGON ((108.22075908637571 16.059692036999405, 108.22080197058867 16.05968283560514, 108.22078819507657 16.05961000888198, 108.22073173044816 16.059629359151664, 108.22075908637571 16.059692036999405))"
216,"POLYGON ((108.22082497170496 16.059673677914656, 108.2208668022938 16.059661443115317, 108.22084895505543 16.059637196685387, 108.22086575581531 16.059661445416115, 108.22084464303855 16.05958357531427, 108.22078815463317 16.059592806622252, 108.22082497170496 16.059673677914656))"
217,"POLYGON ((108.21763183698225 16.05955428091658, 108.21780489834704 16.05955390296823, 108.21778700766309 16.05945490201663, 108.21762098618386 16.059445019056877, 108.21763183698225 16.05955428091658))"
218,"POLYGON ((108.2170376031658 16.06039789221846, 108.21722758585335 16.060417209928755, 108.217276800464 16.059981478207664, 108.21708683589036 16.05996974976543, 108.2170376031658 16.06039789221846))"
219,"POLYGON ((108.21665783598174 16.060444255734286, 108.21672901025092 16.060000886983733, 108.21632701311891 16.05993801277921, 108.21621194223523 16.060405762666008, 108.21665783598174 16.060444255734286))"
220,"POLYGON ((108.2166785881451 16.059919032694395, 108.21672647877722 16.05992499975118, 108.21674360418727 16.059864248229044, 108.21667998983631 16.059846931527048, 108.2166785881451 16.059919032694395))"
221,"POLYGON ((108.21684725172604 16.05988375443092, 108.21696655401301 16.059885012189145, 108.21697419023384 16.059793924241106, 108.21684469543949 16.05979724226914, 108.21684725172604 16.05988375443092))"
222,"POLYGON ((108.2168984817553 16.05997547297522, 108.21700285581663 16.059969932909453, 108.21700503340124 16.05989403541387, 108.2168951476623 16.059891998220962, 108.2168984817553 16.05997547297522))"
223,"POLYGON ((108.21675226418365 16.059875613267895, 108.21683547882323 16.05988378009399, 108.2168322119925 16.059829144435593, 108.21675449316446 16.059821724557473, 108.21675226418365 16.059875613267895))"
224,"POLYGON ((108.2165923065588 16.05994198851737, 108.21665666157757 16.059940330443272, 108.21658414672163 16.059808435052492, 108.21650728349096 16.05983137032118, 108.2165923065588 16.05994198851737))"
225,"POLYGON ((108.21628924438507 16.05989711292827, 108.21636466874537 16.059930341507453, 108.21642872324209 16.05979966647638, 108.21635643482577 16.059764913234627, 108.21628924438507 16.05989711292827))"
226,"POLYGON ((108.21659041852749 16.05980538567837, 108.21668066149783 16.059798358702878, 108.21667187062612 16.05973083331001, 108.21664755766413 16.05973847556255, 108.21663727136693 16.059702828381894, 108.21658706157893 16.059712044906803, 108.21658386732203 16.059688525112577, 108.21654936002928 16.05969998420091, 108.21659041852749 16.05980538567837))"
227,"POLYGON ((108.21684546260585 16.05978965132187, 108.21698988212053 16.059791613242673, 108.21698822921624 16.059755947255137, 108.21684616430632 16.05975398019992, 108.21684546260585 16.05978965132187))"
228,"POLYGON ((108.21687665527996 16.0597030655897, 108.21704304725675 16.059703461720407, 108.2170382442865 16.05966324903775, 108.2168718824234 16.05967575460438, 108.21687665527996 16.0597030655897))"
229,"POLYGON ((108.2167997638192 16.059713858183244, 108.21684528036356 16.059711482186778, 108.21683407116909 16.059616640682503, 108.21678383310747 16.059613714474295, 108.2167997638192 16.059713858183244))"
230,"POLYGON ((108.21665840951461 16.05968001449802, 108.21672428640734 16.059657862046556, 108.21670214408066 16.059586571112533, 108.21670445090048 16.059566075042458, 108.2166220106453 16.059553352909454, 108.21664740910278 16.059674725974574, 108.21665840951461 16.05968001449802))"
231,"POLYGON ((108.21673693614038 16.059697298709736, 108.21676912599281 16.059701782119966, 108.21676029087136 16.059615283639324, 108.21672262824548 16.059619919284245, 108.21673693614038 16.059697298709736))"
232,"POLYGON ((108.2171705645386 16.05986179943801, 108.21738561973558 16.0598628480684, 108.21738223230157 16.059756605618738, 108.21717347734287 16.05976465036866, 108.2171705645386 16.05986179943801))"
233,"POLYGON ((108.21727923297026 16.06001486570759, 108.21745039991362 16.060043331411595, 108.21747685130597 16.059943095254443, 108.21728685134141 16.05991618851733, 108.21727923297026 16.06001486570759))"
234,"POLYGON ((108.2173312959138 16.06012707336483, 108.2174616041135 16.060135896100856, 108.21745988556741 16.06007214994897, 108.21734996253556 16.060054175597337, 108.2173312959138 16.06012707336483))"
235,"POLYGON ((108.21737092513037 16.06029243306103, 108.21743210891246 16.060277120978807, 108.21740677012689 16.06018155142888, 108.217337730673 16.060193844936435, 108.21737092513037 16.06029243306103))"
236,"POLYGON ((108.21748859414618 16.060266372700283, 108.2175466526407 16.060257138827087, 108.21754962905683 16.060187311008136, 108.2174569587283 16.060163227627527, 108.21748859414618 16.060266372700283))"
237,"POLYGON ((108.21747552608801 16.060047830131587, 108.21755402633997 16.060053730184272, 108.2175585370321 16.059968720466085, 108.21747531702033 16.05995827715203, 108.21747552608801 16.060047830131587))"
238,"POLYGON ((108.21770037560334 16.060209749668886, 108.2178305668404 16.06016848322717, 108.21781464621105 16.06007289315482, 108.21766718809009 16.060114197292645, 108.21770037560334 16.060209749668886))"
239,"POLYGON ((108.21784943542656 16.060182102700765, 108.21797491389876 16.060139328613, 108.21796225679913 16.060096856337776, 108.21783203372136 16.060124462234736, 108.21784943542656 16.060182102700765))"
240,"POLYGON ((108.21791092771264 16.060298843171136, 108.2181432148322 16.060284674831838, 108.218141364768 16.06016476835533, 108.21790907069341 16.060175900995116, 108.21791092771264 16.060298843171136))"
241,"POLYGON ((108.21800402470922 16.060169622093596, 108.21813272774689 16.060163269380546, 108.21811991980435 16.06005628861992, 108.21799907076354 16.060064900942823, 108.21800402470922 16.060169622093596))"
242,"POLYGON ((108.21819341048496 16.060269386553003, 108.2182648470836 16.06027530178485, 108.21826539412469 16.060173604325886, 108.21824420287325 16.060173650660094, 108.21823136470177 16.060053768208853, 108.21813014605891 16.060066132322447, 108.21814693509198 16.06019739005482, 108.21819008649128 16.06019046537643, 108.21819341048496 16.060269386553003))"
243,"POLYGON ((108.2185143566994 16.06024212220319, 108.21859275936637 16.06020628108416, 108.21855017796307 16.06012137439158, 108.21846782438236 16.06014584022741, 108.2185143566994 16.06024212220319))"
244,"POLYGON ((108.21838534473977 16.06011642246731, 108.21849835760953 16.06011313955998, 108.2185005701399 16.060052420534, 108.21838991011124 16.060054939368474, 108.21838534473977 16.06011642246731))"
245,"POLYGON ((108.21878422819817 16.060189924580246, 108.21887608538776 16.06020186632607, 108.21888213680747 16.06010471038493, 108.21879970332212 16.06009502479401, 108.21878422819817 16.060189924580246))"
246,"POLYGON ((108.21861395417243 16.060207752562217, 108.21875437504762 16.0601778470886, 108.21874484478904 16.060130055528727, 108.21870952782315 16.060130891753495, 108.21859734243563 16.060152387217276, 108.21861395417243 16.060207752562217))"
247,"POLYGON ((108.21858085502579 16.060150146510402, 108.21868127815806 16.060133230360655, 108.21867175680076 16.0600892334139, 108.21856820490157 16.06011070996817, 108.21858085502579 16.060150146510402))"
248,"POLYGON ((108.21856348508089 16.060106166730886, 108.21869293738368 16.060084633497123, 108.21868974109678 16.06006035481843, 108.21861833653621 16.060068100348182, 108.21862137296479 16.060024075919724, 108.21855781524373 16.060031045331375, 108.21856811077826 16.060070487026355, 108.2185579271234 16.060078857507722, 108.21856348508089 16.060106166730886))"
249,"POLYGON ((108.21872577540394 16.060030677789598, 108.21888198575405 16.060040201896136, 108.21887791039977 16.059975701998713, 108.21884338365342 16.059978813296716, 108.21884566004869 16.059945415512047, 108.21871305242531 16.059960125395737, 108.21872577540394 16.060030677789598))"
250,"POLYGON ((108.21603415767329 16.060400457666873, 108.21613779129778 16.06041389281624, 108.21615732560107 16.060207801474146, 108.21607367955357 16.060182938920367, 108.21603415767329 16.060400457666873))"
251,"POLYGON ((108.21602413525385 16.060140926258864, 108.21614418192839 16.06012472751844, 108.21613463639218 16.060070105512334, 108.21601338066564 16.060072646181677, 108.21602413525385 16.060140926258864))"
252,"POLYGON ((108.21586723495538 16.060003522272297, 108.21602970643083 16.060005445567718, 108.21603071415899 16.05993258632923, 108.21587293336596 16.05992268408986, 108.21586723495538 16.060003522272297))"
253,"POLYGON ((108.21614367046442 16.059905019107507, 108.21627555616058 16.05991725431054, 108.21629889785046 16.05982954735872, 108.2161493343106 16.059809381907616, 108.21614367046442 16.059905019107507))"
254,"POLYGON ((108.21599767849011 16.05990192164802, 108.21607775544311 16.059910854523856, 108.21608471319796 16.059865303728195, 108.21601049622143 16.059844974189946, 108.21599767849011 16.05990192164802))"
255,"POLYGON ((108.21593395116763 16.05983603360422, 108.21605641583793 16.059847151048544, 108.21606459062954 16.059818673474954, 108.21596793893792 16.05976993295865, 108.21593395116763 16.05983603360422))"
256,"POLYGON ((108.21573486733385 16.059784100634303, 108.21589617723468 16.05979285690972, 108.21591602694163 16.05972223346209, 108.21573466346106 16.05969644493968, 108.21573486733385 16.059784100634303))"
257,"POLYGON ((108.2157169855874 16.059688514642332, 108.2159148258137 16.059711990552728, 108.21591820670427 16.059647094888742, 108.21572276877694 16.059644104801254, 108.2157169855874 16.059688514642332))"
258,"POLYGON ((108.21574336883121 16.060402228656887, 108.21583757879564 16.06041340766352, 108.21586768255449 16.060195909436114, 108.21578053379673 16.06018357669121, 108.21574336883121 16.060402228656887))"
259,"POLYGON ((108.21541360492355 16.06035057956298, 108.21565386804997 16.0603910393691, 108.21569218128126 16.060159862614533, 108.21545312218058 16.060130784141187, 108.21541360492355 16.06035057956298))"
260,"POLYGON ((108.21527227153625 16.060325842055782, 108.21537354784911 16.060338144307288, 108.21539433695695 16.060165063638546, 108.21537550821925 16.06016851972905, 108.21538009832919 16.06011728214115, 108.21529060827272 16.06011064624006, 108.21527227153625 16.060325842055782))"
261,"POLYGON ((108.21540712577075 16.060095593970754, 108.2156485923534 16.060147435089583, 108.21566957446599 16.060057456548556, 108.21540932424588 16.060028424099713, 108.21540712577075 16.060095593970754))"
262,"POLYGON ((108.21568487131306 16.060054008112544, 108.21581079383259 16.060033243217145, 108.21580356060396 16.059960401902245, 108.21567996358957 16.059968639430547, 108.21568487131306 16.060054008112544))"
263,"POLYGON ((108.21579227758984 16.06017102884419, 108.21588289200392 16.060154894261853, 108.21587803716386 16.060092293299196, 108.21584861546567 16.06009691086564, 108.21583673661519 16.060051401050465, 108.21577904933456 16.060051526522464, 108.21579227758984 16.06017102884419))"
264,"POLYGON ((108.21591695400879 16.0601206684206, 108.21595460880415 16.060112617757877, 108.21594855016204 16.060038635502828, 108.215899133061 16.060051265318375, 108.21591695400879 16.0601206684206))"
265,"POLYGON ((108.21541283230673 16.06001817095329, 108.21551996316873 16.060016799719524, 108.21551863767269 16.05995305268199, 108.21549863431277 16.059957649727494, 108.21550091214891 16.059924631425446, 108.21540790882507 16.059925971947653, 108.21541283230673 16.06001817095329))"
266,"POLYGON ((108.21553643201362 16.06001107196375, 108.21559174882053 16.060004121362514, 108.21558570090414 16.059934692635398, 108.2155186323797 16.059950775910664, 108.21553643201362 16.06001107196375))"
267,"POLYGON ((108.21507042296031 16.06009746381046, 108.2152764860605 16.060112953704795, 108.21529393910934 16.060024121254827, 108.21507844983735 16.060005236670893, 108.21507042296031 16.06009746381046))"
268,"POLYGON ((108.21512019446347 16.060237377868265, 108.21516495538492 16.06024752617248, 108.21519171575437 16.06011086107401, 108.21513284058203 16.060106435386857, 108.21512019446347 16.060237377868265))"
269,"POLYGON ((108.21518484770662 16.06019511695862, 108.21522017970253 16.0602007321666, 108.21522822502739 16.06011647372381, 108.21519290891437 16.060117688830893, 108.21518484770662 16.06019511695862))"
270,"POLYGON ((108.21510154816286 16.060319382547554, 108.2151521849899 16.060324964527055, 108.21515790220673 16.060252095057997, 108.21511078669921 16.060241951866026, 108.21510154816286 16.060319382547554))"
271,"POLYGON ((108.2149377167434 16.060238912495976, 108.21498718418448 16.060247912228228, 108.21499283272766 16.060145444732804, 108.2149457516154 16.060150100518022, 108.2149377167434 16.060238912495976))"
272,"POLYGON ((108.21496097446912 16.060114777332814, 108.21503398507645 16.06012258754796, 108.21503493500344 16.06002468381939, 108.21497253855821 16.0600248192995, 108.21496097446912 16.060114777332814))"
273,"POLYGON ((108.21502026734879 16.060299068009556, 108.2150850343297 16.060305757714026, 108.21509175699526 16.060158890618705, 108.21503287123511 16.060149911361552, 108.21502026734879 16.060299068009556))"
274,"POLYGON ((108.21470098844183 16.060199582599232, 108.2148069870459 16.060217566831728, 108.2148407453413 16.060052426795476, 108.21471473286663 16.06003448600702, 108.21470098844183 16.060199582599232))"
275,"POLYGON ((108.21448736266373 16.06022281386689, 108.21463574512387 16.060241275449744, 108.21466525492237 16.060020932666795, 108.21452213478362 16.059987091400252, 108.21448736266373 16.06022281386689))"
276,"POLYGON ((108.21466165172359 16.0599902039135, 108.21470402628367 16.059986696795637, 108.21471951153326 16.059810781703366, 108.21466830337141 16.059812600402502, 108.21466165172359 16.0599902039135))"
277,"POLYGON ((108.21475170657894 16.059986593330045, 108.21479235483513 16.060000165813552, 108.21482381666627 16.059860075374516, 108.214761985136 16.059849964042225, 108.21475170657894 16.059986593330045))"
278,"POLYGON ((108.21490716055968 16.060008454557313, 108.21502375205688 16.06002527729776, 108.21505365797951 16.05997569232987, 108.21491589905821 16.05996916108101, 108.21490716055968 16.060008454557313))"
279,"POLYGON ((108.2148017751099 16.060254575866622, 108.21490425112289 16.060276552065353, 108.21491452562032 16.060138215197643, 108.21481745055104 16.060160624547578, 108.2148017751099 16.060254575866622))"
280,"POLYGON ((108.21480294252957 16.05999672766043, 108.21489483864518 16.060025557178022, 108.21492288351124 16.05993499417386, 108.21482393558082 16.059911302734495, 108.21480294252957 16.05999672766043))"
281,"POLYGON ((108.21484867454336 16.059918079388, 108.21493877693845 16.05993495967037, 108.21494222554959 16.05989909285151, 108.21485918295001 16.059880489659097, 108.21484867454336 16.059918079388))"
282,"POLYGON ((108.21494673554668 16.059940065154066, 108.21500239624845 16.059954458798675, 108.21502167680868 16.05989209000102, 108.21496249812893 16.0598836805541, 108.21494673554668 16.059940065154066))"
283,"POLYGON ((108.21504379066508 16.059909117855224, 108.21508355595552 16.059922692200782, 108.21509664778044 16.059856921662018, 108.21505514631022 16.059856157992837, 108.21504379066508 16.059909117855224))"
284,"POLYGON ((108.21514459776824 16.05997293345345, 108.21519936560601 16.05998306001756, 108.21521591389218 16.05988483780809, 108.21516820784038 16.059873842115604, 108.21514459776824 16.05997293345345))"
285,"POLYGON ((108.21528481118004 16.059895787451275, 108.21538721760383 16.059887880798858, 108.21538529093979 16.05981872770571, 108.21528819227649 16.059830891792863, 108.21528481118004 16.059895787451275))"
286,"POLYGON ((108.21540399994731 16.059890405710007, 108.21551613290269 16.059888454413812, 108.21551069020241 16.059826139313998, 108.21539945810862 16.05983577279106, 108.21540399994731 16.059890405710007))"
287,"POLYGON ((108.2155550489961 16.059916545007486, 108.21564777652075 16.059923173760954, 108.21565298696929 16.059885595515844, 108.21556202142756 16.059877255346787, 108.2155550489961 16.059916545007486))"
288,"POLYGON ((108.21528111068045 16.059823223035792, 108.21536938561746 16.059813639506462, 108.21537279843358 16.059762404475396, 108.2152809956173 16.059773703257317, 108.21528111068045 16.059823223035792))"
289,"POLYGON ((108.21511421194592 16.059815901424134, 108.21509403258898 16.05987144183273, 108.21525386167524 16.059876217436628, 108.21526425494416 16.059789107911243, 108.21511939671171 16.05976722392813, 108.21511421194592 16.059815901424134))"
290,"POLYGON ((108.21486969333499 16.059843753718997, 108.21498982453511 16.059863983971606, 108.2150090575069 16.059781124231066, 108.21493574345163 16.05976933029263, 108.21493054476453 16.059812031260098, 108.21488019776983 16.059804456410344, 108.21486969333499 16.059843753718997))"
291,"POLYGON ((108.21499947373663 16.05983664162528, 108.2150789725602 16.059850129697562, 108.2150876197998 16.059771561906565, 108.21501255368828 16.05976574835464, 108.21499947373663 16.05983664162528))"
292,"POLYGON ((108.21500628964422 16.059729902623303, 108.21507252606933 16.059735735352184, 108.21510326731182 16.05966565751652, 108.21501935570853 16.059653032826493, 108.21500628964422 16.059729902623303))"
293,"POLYGON ((108.21512356166994 16.05965963688694, 108.21527372357815 16.059684070727993, 108.21528683119766 16.059625130492588, 108.21513313746584 16.05960070433012, 108.21512356166994 16.05965963688694))"
294,"POLYGON ((108.2151113885283 16.05974077371798, 108.21526329262595 16.059754958257955, 108.21527109649873 16.05969346816494, 108.2151306333382 16.05966303670309, 108.2151113885283 16.05974077371798))"
295,"POLYGON ((108.21489598613 16.059759171075694, 108.21495163488323 16.059768441999214, 108.21495949237904 16.05973000422701, 108.21490295670455 16.059719027643297, 108.21489598613 16.059759171075694))"
296,"POLYGON ((108.21489588107355 16.059713920240913, 108.2149771636197 16.059735088623135, 108.21498676721788 16.059688109122646, 108.21490372866715 16.059671213523632, 108.21489588107355 16.059713920240913))"
297,"POLYGON ((108.21472821439454 16.05975612002488, 108.21476885863872 16.05976798493572, 108.21478012913697 16.05967831214332, 108.21474122508472 16.059655344140292, 108.21472821439454 16.05975612002488))"
298,"POLYGON ((108.21479893700426 16.059792679674707, 108.21485103605453 16.05979427418534, 108.21485356999999 16.05974474865417, 108.21480763587948 16.0597363104148, 108.21481288611918 16.059715807972434, 108.21477933732787 16.059717588369775, 108.21477234096675 16.05974663253728, 108.21480413571912 16.059749978709633, 108.21479893700426 16.059792679674707))"
299,"POLYGON ((108.21481643384291 16.05972263062178, 108.21487208060077 16.059731047777028, 108.21489222829202 16.05966184675791, 108.21479773100694 16.059653513927163, 108.21479339742397 16.05968852887201, 108.21481547556536 16.05969018854294, 108.21481643384291 16.05972263062178))"
300,"POLYGON ((108.21487313006475 16.059802764164647, 108.21492612001468 16.05980777189765, 108.21492517361253 16.059780452555973, 108.21489162282971 16.059781379181814, 108.2149003533938 16.05973867054816, 108.21486767369264 16.05973447251731, 108.21485633980603 16.0597968240542, 108.21487313006475 16.059802764164647))"
301,"POLYGON ((108.21454592541359 16.05996569495504, 108.21459009364074 16.05997413708018, 108.214602160034 16.0598468956491, 108.21455977163566 16.05984442622057, 108.21454592541359 16.05996569495504))"
302,"POLYGON ((108.21441161719338 16.05992415035559, 108.21451054330038 16.05993845030351, 108.21452097056658 16.05986585522542, 108.21442206627711 16.05986094696452, 108.21441161719338 16.05992415035559))"
303,"POLYGON ((108.2141631169142 16.06013899130122, 108.21426027123617 16.06015073382145, 108.21430919486163 16.059925226227836, 108.21419968305126 16.059915218099746, 108.2141631169142 16.06013899130122))"
304,"POLYGON ((108.21428508939725 16.06019166211465, 108.21438577562819 16.060203396920084, 108.21439761048835 16.059976262142754, 108.21430403959086 16.059986710549644, 108.21428508939725 16.06019166211465))"
305,"POLYGON ((108.21439635146005 16.06019483605048, 108.21444761517354 16.060216923515693, 108.21448771287704 16.059993142615117, 108.21442765913805 16.05998815009322, 108.21439635146005 16.06019483605048))"
306,"POLYGON ((108.21407078354623 16.0599214740081, 108.21414760573956 16.059923015114904, 108.2141941101304 16.059796552854532, 108.21411987950083 16.05977024612929, 108.21407078354623 16.0599214740081))"
307,"POLYGON ((108.21419524050108 16.05990327461722, 108.21429505351259 16.05991928033035, 108.21430724085303 16.05984412006386, 108.21421001938255 16.059803348720738, 108.21419524050108 16.05990327461722))"
308,"POLYGON ((108.21430527892822 16.05975959874158, 108.21438834123232 16.05978674004559, 108.2144129672979 16.059744850754953, 108.21431047774803 16.05971689778562, 108.21430527892822 16.05975959874158))"
309,"POLYGON ((108.2144307315975 16.05979006329783, 108.21450139871313 16.059802716944326, 108.21451366123152 16.059760000663985, 108.21443947018176 16.059750769837954, 108.2144307315975 16.05979006329783))"
310,"POLYGON ((108.21448029462871 16.059840329637748, 108.21453505447853 16.059847041216212, 108.21453494752235 16.059800936590094, 108.21447490374236 16.059800213026758, 108.21448029462871 16.059840329637748))"
311,"POLYGON ((108.21456143258986 16.059799171553326, 108.21467710134776 16.05979892061496, 108.21467966505551 16.059762201925142, 108.21455865889881 16.059745388568732, 108.21456143258986 16.059799171553326))"
312,"POLYGON ((108.21462931213804 16.059752065647704, 108.21467259339093 16.05975880209401, 108.21467151824338 16.059675986441434, 108.21463619361728 16.059673501700846, 108.21462931213804 16.059752065647704))"
313,"POLYGON ((108.21450033947967 16.05972673160442, 108.21457629447654 16.059735104789436, 108.214573530687 16.059685590751684, 108.21450465528997 16.059684032559794, 108.21450033947967 16.05972673160442))"
314,"POLYGON ((108.21421689706926 16.05972307720452, 108.21426287471438 16.059750298938404, 108.21427327632888 16.059666604606573, 108.21421850861829 16.05965647780183, 108.21421689706926 16.05972307720452))"
315,"POLYGON ((108.21426897036699 16.05971357259499, 108.21438379175322 16.05972869193961, 108.21438897669543 16.059680014456273, 108.21427328622656 16.059670873553657, 108.21426897036699 16.05971357259499))"
316,"POLYGON ((108.2144505824045 16.059592793907, 108.21458660285838 16.059611282344804, 108.21459266873457 16.059561749152596, 108.21445225328429 16.05955180818599, 108.2144505824045 16.059592793907))"
317,"POLYGON ((108.21466518294015 16.05960940428071, 108.21470497984873 16.059636639329078, 108.21474015585511 16.059575089856086, 108.21469771401753 16.059549568140255, 108.21466518294015 16.05960940428071))"
318,"POLYGON ((108.21468092378508 16.059543628015202, 108.21473660615516 16.059567413415873, 108.21477531400531 16.059505856273244, 108.21469933135073 16.059485530105256, 108.21468092378508 16.059543628015202))"
319,"POLYGON ((108.2147606265787 16.05964505651409, 108.2148471831021 16.059655967977882, 108.21485415170147 16.059614970757163, 108.2147728791244 16.05959807127318, 108.2147606265787 16.05964505651409))"
320,"POLYGON ((108.21485224901048 16.059556063124816, 108.21497766990517 16.059572866732978, 108.21497932085167 16.059523343117213, 108.21492720006648 16.059512356953064, 108.21492104110732 16.059521762053407, 108.21488571452441 16.059518423563965, 108.21488921269344 16.059503901478394, 108.21485036415886 16.059504839596336, 108.21485224901048 16.059556063124816))"
321,"POLYGON ((108.214861173813 16.059597025848635, 108.21495655998724 16.059607918103147, 108.21496356028214 16.05958058150877, 108.21486373946743 16.059561160946213, 108.214861173813 16.059597025848635))"
322,"POLYGON ((108.21497959840634 16.059642873624483, 108.21503172121099 16.059654713564093, 108.21502966777847 16.059530917945608, 108.21498465235314 16.059537846033862, 108.21497959840634 16.059642873624483))"
323,"POLYGON ((108.2150545930881 16.059617950773575, 108.21509076299715 16.05960421153068, 108.2150826398124 16.059528241537816, 108.21503584259486 16.05952834315696, 108.2150545930881 16.059617950773575))"
324,"POLYGON ((108.21490281596688 16.059658408600253, 108.21494344632373 16.05966429695296, 108.21495221453833 16.05963781031457, 108.21490891744598 16.059624243609495, 108.21490281596688 16.059658408600253))"
325,"POLYGON ((108.21403196460078 16.059935218821153, 108.21400419037474 16.060142750869307, 108.21404658081121 16.060146074195668, 108.21407524389801 16.059941101598145, 108.21403196460078 16.059935218821153))"
326,"POLYGON ((108.21389821428868 16.060134442516564, 108.21394238648611 16.060144592353726, 108.213978992438 16.05993789497218, 108.21392688939511 16.059934592671357, 108.21389821428868 16.060134442516564))"
327,"POLYGON ((108.21376301915343 16.060091191844165, 108.21384341679932 16.0601115087777, 108.21386082301939 16.06000218548122, 108.21378045903317 16.059996382973555, 108.21376301915343 16.060091191844165))"
328,"POLYGON ((108.21368354007929 16.060086241178464, 108.2137603860656 16.060098027895908, 108.21377069694286 16.059975059270407, 108.21369740264842 16.059971802802856, 108.21368354007929 16.060086241178464))"
329,"POLYGON ((108.21395845667145 16.059839753183446, 108.2140220620143 16.059853276080425, 108.21405014287109 16.05977808138919, 108.21397943424441 16.059747498014428, 108.21395845667145 16.059839753183446))"
330,"POLYGON ((108.21395822522125 16.05973985981834, 108.21402624734812 16.05975422694028, 108.2140402284155 16.059691015911433, 108.21397662905825 16.059680054386686, 108.21395822522125 16.05973985981834))"
331,"POLYGON ((108.21383919667542 16.05981439770004, 108.21383575380034 16.059852825874962, 108.21389402770704 16.059851845863395, 108.21390262200788 16.059750225792754, 108.21385491209674 16.05973752222592, 108.21383919667542 16.05981439770004))"
332,"POLYGON ((108.2140755352318 16.05968581664547, 108.2141868761799 16.05972314227477, 108.21420790905529 16.05965479318943, 108.21410010000952 16.059617459916357, 108.2140755352318 16.05968581664547))"
333,"POLYGON ((108.21398003233864 16.05962455042059, 108.21406483673604 16.059641442553872, 108.21408061141953 16.059590180748, 108.21399580704282 16.059573288620346, 108.21398003233864 16.05962455042059))"
334,"POLYGON ((108.21414952240673 16.059607107287093, 108.21419016263089 16.059617264730758, 108.21422525170489 16.059518148603097, 108.21417753193545 16.059501176159753, 108.21414952240673 16.059607107287093))"
335,"POLYGON ((108.2140504678781 16.05953731085258, 108.21410523950627 16.059549145280382, 108.21410152559207 16.05947060430459, 108.21410524346389 16.059550852859285, 108.21414371799192 16.05938854867045, 108.21408012861977 16.059381856121067, 108.2140504678781 16.05953731085258))"
336,"POLYGON ((108.2140982153491 16.05956623637652, 108.21414592721204 16.059579793679454, 108.2141827347357 16.0594601827842, 108.21413679674717 16.05945003681938, 108.2140982153491 16.05956623637652))"
337,"POLYGON ((108.21374346047013 16.05965238421176, 108.21385820663444 16.059635059840392, 108.21378860750937 16.059321014464253, 108.21367204023184 16.059314436511002, 108.21374346047013 16.05965238421176))"
338,"POLYGON ((108.21389330378874 16.059539358920773, 108.21402403032184 16.05955956677236, 108.2140538058438 16.059453631833023, 108.2140008080902 16.05944520872315, 108.2140076225452 16.059337615945918, 108.21387163792105 16.059334495344515, 108.21389330378874 16.059539358920773))"
339,"POLYGON ((108.21532414793145 16.059724943267884, 108.2153965552103 16.059726493520667, 108.21539982117793 16.059612078082147, 108.21530976254228 16.05961398135495, 108.21532414793145 16.059724943267884))"
340,"POLYGON ((108.2157601033534 16.059624955554465, 108.21590841792046 16.059614387431587, 108.21590300887819 16.05956658676007, 108.21575998420163 16.059573728199965, 108.2157601033534 16.059624955554465))"
341,"POLYGON ((108.2159791625387 16.05966033836911, 108.21609236512354 16.059738641037818, 108.21617005828317 16.059735056763902, 108.21616453389395 16.059637736328398, 108.21609201536087 16.059588374139345, 108.2159791625387 16.05966033836911))"
342,"POLYGON ((108.21551671020282 16.05975696894953, 108.21566853292816 16.059736147842045, 108.21565784599123 16.059696896575083, 108.2155995661962 16.059695315697407, 108.21550774556289 16.05969893047209, 108.21551671020282 16.05975696894953))"
343,"POLYGON ((108.215551885976 16.059695419349936, 108.21566488987281 16.059688343323863, 108.21566473103566 16.05962004018398, 108.21555168747774 16.059610040423692, 108.215551885976 16.059695419349936))"
344,"POLYGON ((108.21541945282466 16.05970082995358, 108.21553597668985 16.05968862358434, 108.21553578216826 16.059604952236363, 108.21541040487199 16.059606932321103, 108.21541945282466 16.05970082995358))"
345,"POLYGON ((108.2155109797101 16.059570854404875, 108.21567697343885 16.05956878595061, 108.2156907792423 16.059430441372083, 108.21551065420485 16.059430832963017, 108.2155109797101 16.059570854404875))"
346,"POLYGON ((108.21511009307618 16.05956318745777, 108.21528144015734 16.05958501390522, 108.21529725023271 16.05954912022525, 108.21522835108054 16.059537316793264, 108.21523181550363 16.05950828028446, 108.21512047053045 16.05946924762099, 108.21511009307618 16.05956318745777))"
347,"POLYGON ((108.21499342650492 16.059513920761784, 108.21509762049514 16.05951540210091, 108.21510446212379 16.059419762355645, 108.21499671649401 16.05940975079338, 108.21499342650492 16.059513920761784))"
348,"POLYGON ((108.2147741219032 16.05937266704708, 108.21480941675046 16.059362344925688, 108.21482010746617 16.059403303819803, 108.21488191507524 16.059403169666933, 108.21486942273901 16.05934684640068, 108.21483939794498 16.059345203982154, 108.21483569564049 16.059271785761364, 108.21478095575708 16.059273612149404, 108.2147741219032 16.05937266704708))"
349,"POLYGON ((108.21502137609184 16.05938237585485, 108.21507790176175 16.059389083463262, 108.21508643397577 16.059260995887286, 108.21503166237598 16.059249161709563, 108.21502137609184 16.05938237585485))"
350,"POLYGON ((108.21532525120688 16.059439773806208, 108.21546663292463 16.05948557143255, 108.21548589940537 16.059417226070376, 108.21534804959482 16.059371420781257, 108.21532525120688 16.059439773806208))"
351,"POLYGON ((108.21535333945226 16.05936799411288, 108.21549464967536 16.059383055307723, 108.21550677699435 16.059282281303055, 108.21536724467711 16.05927233901296, 108.21535333945226 16.05936799411288))"
352,"POLYGON ((108.21574567404484 16.059495210312463, 108.21586223351895 16.059498371975444, 108.21586199913801 16.05939762484502, 108.21573665772341 16.05941497332394, 108.21574567404484 16.059495210312463))"
353,"POLYGON ((108.21593306152235 16.05958018207745, 108.21603889827715 16.059528724184485, 108.21599297608473 16.059525408934512, 108.21603890225123 16.05953043176292, 108.2160193696979 16.059484369414708, 108.21590468343325 16.05952730861393, 108.21593306152235 16.05958018207745))"
354,"POLYGON ((108.21600523031964 16.059479277419637, 108.21609699519344 16.059451756336582, 108.21604901697435 16.059323791714874, 108.21597842345531 16.059342728778347, 108.21599264229616 16.059381972344788, 108.21596793912634 16.059390564028547, 108.21600523031964 16.059479277419637))"
355,"POLYGON ((108.21628816911367 16.05964600511682, 108.21640656222264 16.059678191467505, 108.21639785584699 16.059731145624088, 108.21648088657662 16.05974462548314, 108.21651929554882 16.059554999667427, 108.21631433602323 16.05950763359605, 108.21628816911367 16.05964600511682))"
356,"POLYGON ((108.21634251538234 16.05947512808494, 108.21641846636476 16.059481793038945, 108.2164322318764 16.059326372641593, 108.21637571811969 16.05932478812643, 108.2163511899497 16.059408513302305, 108.21634251538234 16.05947512808494))"
357,"POLYGON ((108.21660217501402 16.059503591506402, 108.21669578931466 16.059511925465046, 108.21669897892546 16.05936506603666, 108.21660186068378 16.059368692820453, 108.21660217501402 16.059503591506402))"
358,"POLYGON ((108.21683520241461 16.059470639536112, 108.217020625249 16.05947023527783, 108.21702047789897 16.059407054884403, 108.21683680911174 16.059402332556964, 108.21683520241461 16.059470639536112))"
359,"POLYGON ((108.216731167658 16.059537462172496, 108.21701558631061 16.059581239412513, 108.21702065710856 16.059483895903398, 108.21673457614236 16.0594845195495, 108.216731167658 16.059537462172496))"
360,"POLYGON ((108.21676614798271 16.059392241048172, 108.21697808360447 16.059402024565426, 108.216991904427 16.0592705102379, 108.21675347999509 16.05926078446106, 108.21676614798271 16.059392241048172))"
